function_name,definition
add_credits,"CREATE OR REPLACE FUNCTION public.add_credits(p_user_id uuid, p_amount integer, p_description text DEFAULT 'manual topup'::text)
 RETURNS integer
 LANGUAGE plpgsql
 SECURITY DEFINER
 SET search_path TO 'public'
AS $function$
declare v_balance integer;
begin
  update public.profiles set credits = credits + p_amount where id = p_user_id;

  insert into public.credit_transactions (user_id, amount, type, description)
  values (p_user_id, p_amount, 'topup', p_description);

  select credits into v_balance from public.profiles where id = p_user_id;
  return v_balance;
end;
$function$
"
admin_email_by_user_id,"CREATE OR REPLACE FUNCTION public.admin_email_by_user_id(p_user_id uuid)
 RETURNS text
 LANGUAGE plpgsql
 SECURITY DEFINER
 SET search_path TO 'public'
AS $function$
declare em text;
begin
  if not public.is_admin() then raise exception 'not_authorized'; end if;
  select email into em from auth.users where id = p_user_id limit 1;
  return em;
end;
$function$
"
admin_user_id_by_email,"CREATE OR REPLACE FUNCTION public.admin_user_id_by_email(p_email text)
 RETURNS uuid
 LANGUAGE plpgsql
 SECURITY DEFINER
 SET search_path TO 'public'
AS $function$
declare uid uuid;
begin
  if not public.is_admin() then
    raise exception 'not_authorized';
  end if;
  select id into uid from auth.users where lower(email) = lower(trim(p_email)) limit 1;
  return uid;  -- bulunamazsa null
end;
$function$
"
deduct_credits,"CREATE OR REPLACE FUNCTION public.deduct_credits(p_user_id uuid, p_amount integer, p_tool text DEFAULT NULL::text)
 RETURNS integer
 LANGUAGE plpgsql
 SECURITY DEFINER
 SET search_path TO 'public'
AS $function$
declare
  v_balance integer;
begin
  if p_amount <= 0 then
    raise exception 'amount_must_be_positive';
  end if;

  select credits into v_balance
    from public.profiles
    where id = p_user_id
    for update;

  if v_balance is null then
    raise exception 'profile_not_found';
  end if;

  if v_balance < p_amount then
    raise exception 'insufficient_credits';
  end if;

  update public.profiles set credits = credits - p_amount where id = p_user_id;

  insert into public.credit_transactions (user_id, amount, type, tool, description)
  values (p_user_id, -p_amount, 'usage', p_tool, 'tool usage');

  select credits into v_balance from public.profiles where id = p_user_id;
  return v_balance;
end;
$function$
"
handle_new_user,"CREATE OR REPLACE FUNCTION public.handle_new_user()
 RETURNS trigger
 LANGUAGE plpgsql
 SECURITY DEFINER
 SET search_path TO 'public'
AS $function$
begin
  insert into public.profiles (id, email)
  values (new.id, new.email);
  return new;
end;
$function$
"
is_admin,"CREATE OR REPLACE FUNCTION public.is_admin()
 RETURNS boolean
 LANGUAGE sql
 STABLE SECURITY DEFINER
 SET search_path TO 'public'
AS $function$
  select exists (
    select 1 from public.profiles
    where id = auth.uid() and role = 'admin'
  );
$function$
"
refund_credits,"CREATE OR REPLACE FUNCTION public.refund_credits(p_user_id uuid, p_amount integer, p_tool text DEFAULT NULL::text)
 RETURNS integer
 LANGUAGE plpgsql
 SECURITY DEFINER
 SET search_path TO 'public'
AS $function$
declare v_balance integer;
begin
  update public.profiles set credits = credits + p_amount where id = p_user_id;

  insert into public.credit_transactions (user_id, amount, type, tool, description)
  values (p_user_id, p_amount, 'refund', p_tool, 'failed generation refund');

  select credits into v_balance from public.profiles where id = p_user_id;
  return v_balance;
end;
$function$
"
set_updated_at,"CREATE OR REPLACE FUNCTION public.set_updated_at()
 RETURNS trigger
 LANGUAGE plpgsql
AS $function$
begin
  new.updated_at = now();
  return new;
end;
$function$
"